{
    "users": {
        "843841687": 1741144598.0
    },
    "codes": {},
    "843841687": {
        "plan": "𝗩𝗜𝗣",
        "timer": "2025-06-27 05:26"
    },
    "6866179480": {
        "plan": "𝗙𝗥𝗘𝗘",
        "timer": "none"
    },
    "7315063346": {
        "plan": "𝗙𝗥𝗘𝗘",
        "timer": "none"
    },
    "5612427625": {
        "plan": "𝗙𝗥𝗘𝗘",
        "timer": "none"
    },
    "7884484142": {
        "plan": "𝗩𝗜𝗣",
        "timer": "2032-04-11 19:10"
    },
    "7083808777": {
        "plan": "𝗩𝗜𝗣",
        "timer": "2025-10-04 10:26"
    },
    "Nada-5MDB-7HNJ-BTCV": {
        "plan": "𝗩𝗜𝗣",
        "time": "2025-05-08 21:50"
    },
    "6542809991": {
        "plan": "𝗙𝗥𝗘𝗘",
        "timer": "none"
    },
    "5617279645": {
        "plan": "𝗩𝗜𝗣",
        "timer": "2025-08-03 11:58"
    },
    "7972139095": {
        "plan": "𝗩𝗜𝗣",
        "timer": "2025-08-03 07:29"
    },
    "8378880254": {
        "plan": "𝗙𝗥𝗘𝗘",
        "timer": "none"
    }
}